t,x,y,m,id
1,0.228724716134052,-0.158939933368972,0,1
1,0.880322831777765,-0.117711550077457,0,2
1,1.93057074895645,0.0786037381335957,0,3
1,2.95877070488632,0.189801493820322,0,4
1,3.90293266588805,-0.0413798066471996,0,5
1,4.90527200547719,0.0677665301377277,0,6
1,6.07481393402905,-0.0857245305093515,0,7
1,6.98830447741129,-0.0121058654637439,0,8
1,8.01526576262822,-0.0717170571845381,0,9
1,0.218997810732938,0.953927749235493,0,10
1,1.0356986230329,0.994596927167543,0,11
1,2.27167517831307,1.1848213849967,0,12
1,3.22814519259896,1.05799736350379,0,13
1,4.03240205401385,1.00891622681149,0,14
1,5.18960670668099,1.09692474299133,0,15
1,6.04676805113217,1.10389264760468,0,16
1,6.91061992769146,0.937499930414366,0,17
1,7.96926717004628,0.994230991935521,0,18
1,-0.000482242226757,1.91560368242389,0,19
1,1.09881641494999,2.01875532130682,0,20
1,2.08397503596241,1.95682156572277,0,21
1,3.07053418309055,1.81942029197688,0,22
1,4.13059647208117,1.98283226537145,0,23
1,4.86120037834072,1.92625033720587,0,24
1,6.12729168642552,1.99965396565272,0,25
1,7.01841927712358,1.99206258289161,0,26
1,8.075227989574,1.98040684319345,0,27
1,0.0591745052462727,2.83295267012515,0,28
1,0.901694740422898,2.90698511916369,0,29
1,1.9723936044888,2.92467430550757,0,30
1,2.91291489774314,2.98882961798115,0,31
1,4.07187105530842,2.95293070121853,0,32
1,5.01106528777693,2.91340759836301,0,33
1,5.99215332320283,2.84287556250341,0,34
1,6.9579509540658,3.05310695114972,0,35
1,7.94378741237147,2.96139270019188,0,36
1,0.0997513444755305,3.85563501517456,0,37
1,0.889486994118674,4.10796787923153,0,38
1,1.98577121692254,4.03756376067005,0,39
1,3.03149949048879,3.90071299833963,0,40
1,4.12185505345073,4.10982030826772,0,41
1,4.93006829213145,3.93521520587482,0,42
1,5.97145672484713,3.99948101412489,0,43
1,6.86884473273906,3.9864493568321,0,44
1,7.96089875685507,4.12993083239702,0,45
1,-0.0401526613094972,4.80984439931852,0,46
1,1.1350517580923,5.12119188916066,0,47
1,2.05911900270892,4.9408121655447,0,48
1,3.01005254556286,5.03380149519971,0,49
1,4.09310719955201,5.14366194044266,0,50
1,4.97372576514335,5.04033307447195,0,51
1,5.99923318952873,4.92535110127415,0,52
1,7.03671530065456,5.13431231835646,0,53
1,8.17071625451376,4.98146054163995,0,54
1,0.072374026252838,6.0972601129717,0,55
1,1.04810360487079,6.09211634997087,0,56
1,1.84321317557747,5.99477696382741,0,57
1,3.03182502834808,5.85649822081271,0,58
1,4.01659914506773,6.1051052657519,0,59
1,4.91000923703718,6.22405947407498,0,60
1,6.00763714738606,6.0700383460458,0,61
1,7.01591552782627,5.88269189040033,0,62
1,8.05436741847097,5.95049929987646,0,63
1,0.0704807352613047,7.02786765829016,0,64
1,1.03189691425571,7.07157130943313,0,65
1,2.11092497889711,6.7836707010609,0,66
1,3.07691541946571,6.95479962878451,0,67
1,4.11534736747789,6.90247102144255,0,68
1,5.12606835026809,6.94633039219653,0,69
1,6.07006235065723,7.03083875200678,0,70
1,7.0432627160846,7.04217937937209,0,71
1,7.90773982817431,7.04386618751722,0,72
1,-0.0615584206630919,7.90136052596927,0,73
1,0.913334031174863,7.93334876167901,0,74
1,1.83604829128189,8.0254288428955,0,75
1,2.86741607561566,7.91949325286675,0,76
1,3.9110963272362,8.03629506684968,0,77
1,4.94423976696979,8.07519038222869,0,78
1,5.99375976911617,7.90610404046071,0,79
1,7.24226929771594,7.96878048573903,0,80
1,8.03425853501473,7.99188224963298,0,81
2,0.000424823625213,0.0621039193866943,0,1
2,1.00292198420017,0.0373638583770808,0,2
2,1.96065765708787,-0.0423736744637172,0,3
2,2.92072954372111,-0.0289121735425969,0,4
2,3.96882981347048,-0.0382963583029587,0,5
2,4.96539314082191,0.0918711971013839,0,6
2,5.96953924117547,0.101704900479406,0,7
2,6.82141065125555,0.0679511757663555,0,8
2,8.0587274671858,0.136149733333157,0,9
2,0.163579443444659,0.977619545849626,0,10
2,0.93545765263656,1.06014453133096,0,11
2,2.06189921687873,0.985792449993005,0,12
2,3.02363935984013,1.06139005039494,0,13
2,4.08465008987516,1.10570122283091,0,14
2,4.94263542611503,1.29614931092388,0,15
2,6.11179932039962,1.06459386569476,0,16
2,6.8459998868067,1.03482272202192,0,17
2,7.95618761006999,0.894813731096022,0,18
2,-0.0150672970896448,2.04999390638039,0,19
2,1.0519058365273,1.98656461265482,0,20
2,2.05875397049019,1.87816658292606,0,21
2,2.99206669389448,2.19838025383783,0,22
2,3.88256389851306,1.82559067950407,0,23
2,5.03087221176384,2.03220384367266,0,24
2,5.83961214573165,1.80206523836992,0,25
2,7.09912896250527,2.07251298218065,0,26
2,8.10232204447004,1.96158279551442,0,27
2,0.0840145438883483,2.99391138247796,0,28
2,1.01200786079557,2.8546431170161,0,29
2,1.95737449445543,3.01089980285139,0,30
2,3.0458926243504,2.98583717351691,0,31
2,4.06450479476939,3.15959384172893,0,32
2,5.06115305492902,3.14549929995592,0,33
2,5.91107887061312,2.99315214497779,0,34
2,7.15438923486922,2.96788520275619,0,35
2,7.8758236395115,2.99814001938733,0,36
2,0.110344734039128,3.86783025425738,0,37
2,1.09827723566756,3.97422002263543,0,38
2,2.03043271740332,4.04730513278692,0,39
2,2.84452817838047,4.09221774320518,0,40
2,4.15698907764003,3.91461390425413,1,41
2,5.06884496932841,3.80747242660659,0,42
2,5.98223963410484,4.15615640305115,0,43
2,7.07292012659291,3.89949501547078,0,44
2,8.15332509314471,3.95591799428531,0,45
2,0.0506578448005383,4.78516281765476,0,46
2,1.00333276762633,5.00482866669782,0,47
2,1.85324492848624,4.97789053245533,0,48
2,3.1019157715929,4.9673315835459,0,49
2,3.94066606667766,5.04002110150889,0,50
2,5.08124098899608,4.89670647228348,0,51
2,6.08661678303052,4.84638543268423,0,52
2,7.03683083032408,5.16012589094505,0,53
2,8.11348190986187,5.038725970005,0,54
2,-0.0757099280067921,6.08951250372219,0,55
2,1.04452205688987,6.04992707366367,0,56
2,2.09159329438528,5.94285226858081,0,57
2,3.02697587424182,5.9339537715223,0,58
2,4.1007540448884,5.97488436285166,0,59
2,4.85385667350772,6.02524397462809,0,60
2,5.91252143892607,6.02276578344781,0,61
2,7.01652289383577,6.02738653214756,0,62
2,8.02072070267541,6.10710747122578,0,63
2,0.0482361890793764,6.97178398295762,0,64
2,0.992834162519195,6.76195106873113,0,65
2,1.91110715746238,7.05952695765699,0,66
2,3.04859435702142,6.9957890812127,0,67
2,4.03404967572361,7.0632342550891,0,68
2,4.89020758060134,7.11449625837,0,69
2,5.96443055572214,6.89183442755878,0,70
2,7.10973004107235,7.00223512851582,0,71
2,7.90933080300075,7.01286964810865,0,72
2,-0.0207456624137531,7.94501341801035,0,73
2,1.0678861434047,7.86139560152153,0,74
2,1.92022122587752,7.98583713354526,0,75
2,2.84084610620225,7.90375425626273,0,76
2,4.11803481245176,8.08046061081967,0,77
2,5.12225692898381,7.87389417072689,0,78
2,5.99890908134402,7.94324045649285,0,79
2,7.03455224657477,7.94069111885088,0,80
2,8.00941891580486,7.9368430711873,0,81
3,0.000679336787375,0.0975375797749691,0,1
3,1.07426228780992,0.0723043725622231,0,2
3,2.10421865361616,0.0728705205411827,0,3
3,2.96806628617696,0.164982680636279,0,4
3,4.03226433962235,0.0613546794303981,0,5
3,5.0685052978827,0.107171866500858,0,6
3,6.03202427743451,0.0920933810576319,0,7
3,6.80850619759757,-0.0305813099857354,0,8
3,7.76600371006013,-0.0029334810618035,0,9
3,0.0482864293578946,0.991644128880604,0,10
3,1.11785300473814,0.989743152296854,0,11
3,1.87072229664971,0.892160910750297,0,12
3,3.06157730852444,1.09951738564153,0,13
3,4.02560420808866,1.08619504982322,0,14
3,5.07278390023905,0.932483711095418,0,15
3,6.13241109185364,0.968933066394602,0,16
3,7.01471584901786,0.939948885088175,0,17
3,7.94014606072454,0.896307927512193,0,18
3,0.219252992677919,2.11066660804209,0,19
3,1.23271127955782,2.01823143633756,0,20
3,2.11348695997695,2.0029714750792,0,21
3,2.98091154438116,2.04639882464109,0,22
3,4.04748445639937,1.9764543550374,0,23
3,4.94545250647418,1.95417248371867,0,24
3,6.10556485448708,1.8596189152351,0,25
3,7.04290218324929,2.00482292282303,0,26
3,7.81800435858444,1.95052983003408,0,27
3,-0.0691976089039361,3.01519455467976,0,28
3,0.806817175232444,2.97919992324461,0,29
3,2.12096720126449,3.00458618128883,0,30
3,2.97209999516928,3.19481275841148,0,31
3,3.89042167730585,2.98886585399189,1,32
3,4.98978139575367,2.9041145294205,0,33
3,6.03570229581562,2.92232450097145,0,34
3,6.91176974342493,3.00789226725108,0,35
3,7.99433522060417,2.8529002846902,0,36
3,-0.0581018951420831,3.96367495313043,0,37
3,1.06440881890655,3.8999905475438,0,38
3,2.2023344053246,4.0554065125595,0,39
3,3.08624924975602,4.193936843095,1,40
3,3.99750905085216,3.9553900675078,1,41
3,5.06006349489829,4.0631364410516,1,42
3,6.12164807350484,3.73785456341558,0,43
3,6.88234684502817,4.02908146653307,0,44
3,7.939065996568,3.89487785972165,0,45
3,0.0387262573209963,5.10267448302685,0,46
3,0.860085985551718,4.94347064518507,0,47
3,2.12324918507156,5.00706353531597,0,48
3,3.0015507500649,4.88619551889427,0,49
3,3.83790409480279,4.91051050665757,1,50
3,4.93345353356953,4.9415977766058,1,51
3,5.94251594904269,4.92276860436202,0,52
3,6.9098107024532,5.021986057118,0,53
3,8.14915993703655,5.12963879571083,0,54
3,-0.0137279317193809,6.11106416428217,0,55
3,1.01082816980778,5.93727025058995,0,56
3,1.89647848966848,6.16175099841597,0,57
3,2.95552560812783,6.0723186997776,0,58
3,3.98039507343125,6.03952935558671,0,59
3,4.87306355082505,5.8903873091359,0,60
3,6.09535211846507,6.09842806852677,0,61
3,7.04725466538259,5.91291318891732,0,62
3,7.94412218986093,5.77617531347509,0,63
3,0.124206455973646,7.09220696506341,0,64
3,0.998474153381385,6.92509084015714,0,65
3,1.92082116108003,7.06855175380067,0,66
3,2.95983812574526,7.20565702784232,0,67
3,3.81032987104639,6.89029949995925,0,68
3,5.09719749344249,6.95308079288224,0,69
3,5.94860451440925,7.01848183853081,0,70
3,7.00145616726899,6.86005642983253,0,71
3,7.97390644297918,7.0033062742445,0,72
3,0.152235839200911,8.00296827292456,0,73
3,0.852663025421521,7.91690748921366,0,74
3,1.99834419859463,8.00171374362249,0,75
3,3.00245406088816,7.93909994339503,0,76
3,3.99987430111405,7.84421589764337,0,77
3,4.95660672933752,7.98371607992548,0,78
3,5.95944409431725,7.97534749055697,0,79
3,7.01552333188726,7.98547618112569,0,80
3,7.90276181819908,8.05765833844665,0,81
4,0.154817493040932,-0.24305046454912,0,1
4,0.962987666699328,-0.180761090759916,0,2
4,2.19615252568594,-0.0256842331072056,0,3
4,2.93900044241489,-0.0883068050509691,0,4
4,3.9922571242592,-0.103027105659477,0,5
4,4.81711407373121,-0.157838037576087,0,6
4,6.08059242419163,-0.0041262512636493,0,7
4,6.85224082199248,0.157035736722708,0,8
4,7.70267442870183,-0.179587107243058,0,9
4,-0.133976214196138,0.899379680189052,0,10
4,0.97341579736435,0.992188752261065,0,11
4,1.96160065917123,0.855313512255144,0,12
4,2.93970576700358,1.01154094643836,0,13
4,3.93484759627821,0.879364816740141,0,14
4,5.17576715092821,1.19214755322058,0,15
4,5.99809651348127,0.989492953814661,0,16
4,7.01552846124619,0.951210099385281,0,17
4,7.92391535591384,0.872398729563429,0,18
4,-0.154972690721025,1.87129662961726,0,19
4,1.27501650117285,1.86588591900404,0,20
4,2.10474232483745,2.03965378328514,0,21
4,3.09179924737637,2.05308405934937,0,22
4,4.04701095080177,1.91060778013666,0,23
4,4.93826279121651,2.10638238231466,0,24
4,6.00421062727166,1.9928879400357,0,25
4,6.90981010987115,1.8027488897579,0,26
4,8.13395832098225,2.08229956475575,0,27
4,0.0803854350101453,2.9948924320291,0,28
4,1.03184786531132,3.16103621389461,0,29
4,1.98095466933467,2.9859377494677,0,30
4,2.89127333093883,3.0502745810462,1,31
4,4.01453997291185,2.93368797085206,1,32
4,5.24628002507678,3.0905976497013,1,33
4,6.09236196922107,3.03097038446694,0,34
4,7.07418766879789,2.99642133362799,0,35
4,8.1416021791896,3.11090774462701,0,36
4,0.125166337026458,4.03954192098914,0,37
4,1.21089056909611,3.91599487398934,0,38
4,2.07103126029268,4.11834966810208,0,39
4,2.85248179913364,4.0152455218604,1,40
4,3.94102735162834,4.15397407765932,0,41
4,5.0139703246476,4.05094388670144,1,42
4,5.94882757667053,4.00603497354277,0,43
4,7.01509373511531,3.97083974931109,0,44
4,8.04420393953397,4.13067559592445,0,45
4,-0.0162399122599173,5.00184311577774,0,46
4,1.0971838541036,4.94475453610063,0,47
4,1.93287345182138,4.97512633922442,0,48
4,3.16383971613652,5.05456570495819,1,49
4,3.8931727318667,5.02623654684045,1,50
4,4.99885878753423,5.01965461440543,1,51
4,5.81347186603542,5.14158751017303,0,52
4,7.00182508634996,4.94468998392859,0,53
4,7.97529794544458,5.04643230487002,0,54
4,-0.0919425112244151,5.94960859535955,0,55
4,0.782683556753349,6.02934396010188,0,56
4,1.93506229455465,5.92344830602414,0,57
4,3.05252615497987,6.29669187313082,0,58
4,3.97242726892424,5.95541069636485,0,59
4,5.00547097653028,5.9609732287538,0,60
4,5.9611750394265,5.98106454125227,0,61
4,6.95829769539721,6.09297801237234,0,62
4,7.8835824834845,5.85020410707539,0,63
4,0.173786413507696,6.97621831855178,0,64
4,0.974592264981048,7.03379816094485,0,65
4,1.90262813767515,7.00467375642297,0,66
4,3.11111989466255,7.05856568044486,0,67
4,4.09734990564235,7.16881143609086,0,68
4,5.12571286758474,6.99882412252685,0,69
4,6.17762875832498,7.08726926011656,0,70
4,6.73168314777498,7.19507920689407,0,71
4,8.06598630751457,6.921796983203,0,72
4,0.117944966685031,8.01656292363611,0,73
4,1.03935137764621,8.0061612732876,0,74
4,1.88101413329197,7.99423148785133,0,75
4,2.96434726347114,7.90744900635807,0,76
4,3.85344919560556,7.96901850349841,0,77
4,4.89092698479044,7.99727261618637,0,78
4,5.93427457843683,8.1069765600275,0,79
4,7.22629410039421,7.96710078588746,0,80
4,8.00876900294721,7.88654388880574,0,81
5,0.0767523001616733,-0.0162445350207241,0,1
5,0.93868425360355,-0.113294772614044,0,2
5,2.0152502969911,0.0327246868471417,0,3
5,2.94082925532287,-0.117837213513492,0,4
5,3.9039295032894,0.108878573485032,0,5
5,4.94150420050828,0.0794511106444141,0,6
5,6.0656672889341,0.0276943551110846,0,7
5,6.97097504120063,0.118821020311615,0,8
5,8.09040977289285,-0.0901410715985611,0,9
5,0.0199020223702655,1.1176763350152,0,10
5,0.994842519312246,0.931219867446528,0,11
5,1.90917948205139,0.990174011628627,0,12
5,2.88575216605869,0.769958158843232,0,13
5,4.09903249357648,0.96310833394683,0,14
5,5.01122732777134,0.914617108693689,0,15
5,6.11496316741612,0.957350185141788,0,16
5,6.90895046761005,0.960553134281623,0,17
5,7.88961802834844,0.933927253343921,0,18
5,-0.163486730632891,2.05565659172871,0,19
5,0.838361750579482,2.12165840477745,0,20
5,1.91632629925133,1.94282725724742,0,21
5,3.10929991155745,1.83777619695426,1,22
5,4.12350981802016,2.09605101188326,1,23
5,5.01720666016466,2.03559599084146,0,24
5,6.0120493170239,1.97266118781314,0,25
5,7.05575326703348,2.14954292212338,0,26
5,8.04913831620312,1.81048458544386,0,27
5,-0.0069012624376568,3.13405233477848,0,28
5,0.864920368508613,3.12465863018377,0,29
5,2.07993575711837,2.92344911090457,1,30
5,2.96799059229766,3.02161768857457,1,31
5,3.9643048810622,2.96356327162105,1,32
5,4.94892720621529,2.91793272923457,1,33
5,5.81211199175502,3.0582360706166,1,34
5,6.90481549101211,2.87455904799763,0,35
5,8.22731566149315,2.84644592793467,0,36
5,0.0202687629997187,3.93608079224641,0,37
5,0.769144530212937,4.09028003455599,0,38
5,1.99433643366617,3.80813523929085,1,39
5,3.00628438420455,3.99920941501993,1,40
5,4.07102281373915,4.07360487957554,0,41
5,4.94076926026885,4.08347558328739,1,42
5,6.02985246303034,4.1200659887319,1,43
5,7.06425356267119,3.90251797420872,0,44
5,8.21127950955741,4.0157832014712,0,45
5,0.0917779633165506,5.06828930128084,0,46
5,0.842714524712467,5.04354898346596,0,47
5,2.09926417314165,5.06446918365237,1,48
5,3.04795208712848,5.12536940114544,1,49
5,3.9703419444584,5.04351071307214,1,50
5,5.08158402347192,5.06951261972013,1,51
5,5.90002283869419,5.03481486733824,1,52
5,7.05492102943828,5.04263385947906,0,53
5,8.02797712044553,5.09004164540612,0,54
5,0.0916635889754976,5.9783021311171,0,55
5,0.826874274221642,6.04770820828533,0,56
5,1.85204189331807,6.1455733765709,0,57
5,3.22298110273848,5.9361005492761,1,58
5,4.03864989464479,5.9088388650439,0,59
5,5.0660265687547,5.91229056207538,1,60
5,5.97237647903068,6.04073770709821,0,61
5,7.02759329985099,5.82205407375048,0,62
5,7.77257687984891,6.07718883306417,0,63
5,0.0908085739948049,6.99473680095698,0,64
5,0.89137468917163,6.89577640854111,0,65
5,1.9784473285389,6.96836830393356,0,66
5,2.92665726237857,6.89353317625273,0,67
5,4.02121178351137,6.97912719197768,0,68
5,4.90608580965672,6.94061727966458,0,69
5,5.93808063633361,6.8400169612427,0,70
5,7.02440111579192,7.17920980256016,0,71
5,8.03717433834255,6.97025164475122,0,72
5,0.0627208218755051,7.90886113234707,0,73
5,0.892688607411866,8.05193641353736,0,74
5,1.9291307285768,8.04665923503241,0,75
5,3.09071316717842,8.07529638517283,0,76
5,3.96802943615073,8.03625807764727,0,77
5,5.11650659409543,8.06445836839477,0,78
5,5.9378289451147,8.18089619863615,0,79
5,7.12482131897476,7.95149882773214,0,80
5,8.1440401541758,8.17129000613066,0,81
6,0.0761993438051646,-0.0359903446623452,0,1
6,1.05593712350435,-0.0210222246266493,0,2
6,2.15992638060614,0.0828602753925688,0,3
6,2.99015422651503,-0.0752849918674765,0,4
6,3.85504462159155,0.0169919359350115,0,5
6,4.97423386939775,-0.0532477658802256,0,6
6,5.79669286694641,-0.178604278984555,0,7
6,7.05869641715218,-0.0995191486410425,0,8
6,8.01605865324975,0.1263923050259,0,9
6,0.0113152868098609,1.03735464682495,0,10
6,1.05716906069073,0.987120220403067,0,11
6,1.90344703458015,0.836907826797238,0,12
6,3.0318001153012,0.823010252012567,0,13
6,3.98264924101683,0.884088247828348,0,14
6,4.90873888191073,0.946331092112827,0,15
6,5.8153105227388,0.952796379444997,0,16
6,7.06695180180647,0.920771922294285,0,17
6,7.98912134811544,1.03804253595953,0,18
6,0.156657535133156,1.92987339984229,0,19
6,0.915515476833547,1.7963218967749,0,20
6,2.10976492844501,1.90159687108138,0,21
6,3.03008803427777,2.05687473382485,1,22
6,3.92230337478351,1.94107159718882,1,23
6,4.99615658213485,1.96069591341555,1,24
6,6.11094895688729,1.93379330335751,0,25
6,7.05363252655195,1.92647633733395,0,26
6,7.96366515418395,2.1750869999253,0,27
6,-0.0105500711521686,2.91508179832429,0,28
6,1.03338746428387,3.18035603967326,0,29
6,2.08102310522334,2.99215947638266,1,30
6,2.8316304617084,2.88838999047218,1,31
6,4.06657278429403,2.99627230061431,0,32
6,4.92076124650978,2.83184766325439,1,33
6,6.15277233032314,3.00004679095984,0,34
6,6.85133076018069,2.97376544672396,0,35
6,7.93288514185558,3.08483555432672,0,36
6,0.167517744656645,4.0179970876099,0,37
6,1.06119320607338,3.99088631313649,1,38
6,1.97677943543369,3.98585797714791,1,39
6,3.06052933184672,4.04850146355212,0,40
6,3.88408938759975,3.97303344234061,0,41
6,4.88355707281946,3.90311354830481,0,42
6,5.91300750525315,3.88765016093592,1,43
6,6.9738894282483,4.31393687289957,1,44
6,7.95058043356026,3.90304541087742,0,45
6,-0.130582273133424,4.81624619694628,0,46
6,1.20234126207356,4.87204241609098,0,47
6,1.92443511787693,5.2164166592879,1,48
6,2.97584053810781,5.24209916350904,0,49
6,4.10971588993329,5.22109648619186,0,50
6,4.90533872488525,5.09116650147504,0,51
6,5.88660400787306,5.08978615034886,1,52
6,6.9116616477263,4.92806115216441,0,53
6,8.05164133985901,4.92426712769917,0,54
6,-0.0337955398803187,5.81898476159615,0,55
6,0.997754814384291,5.93905189590204,0,56
6,1.98979490422873,5.97221134572968,1,57
6,3.03004085967019,5.95300610342637,1,58
6,4.0806620412994,6.06211107045487,0,59
6,4.99627941054446,6.15201589998984,1,60
6,5.85435240076483,6.09518111620188,1,61
6,6.93761093533619,5.94877153909582,0,62
6,7.98304017275151,6.09611689855381,0,63
6,0.127612316790359,6.8503240924572,0,64
6,0.974408552286881,6.97716587053737,0,65
6,1.98346317289604,6.90895719556996,0,66
6,2.95726788888713,7.09192839074068,0,67
6,3.99431272530989,7.08641317481617,0,68
6,4.85546164041428,6.96356586163883,0,69
6,6.18828070195665,7.05662044954996,0,70
6,7.01168900180761,6.91490408363795,0,71
6,8.04211327027429,7.02971417195199,0,72
6,0.157740438209633,8.02662160705846,0,73
6,0.974861147577334,7.87114597989119,0,74
6,1.99443756641439,8.07481715255513,0,75
6,2.99774681285324,7.95776728717615,0,76
6,4.23309609732628,7.82499376273528,0,77
6,4.99011696530875,8.09234397618238,0,78
6,6.01664315785277,7.91178962855202,0,79
6,6.97303645998216,8.05202904403243,0,80
6,8.08444736081429,7.96368864174507,0,81
7,0.140876774913235,0.0526685129329468,0,1
7,0.843376377949331,0.132772258877969,0,2
7,2.01690381855806,0.112755256605379,0,3
7,2.84943208311238,0.0981227329900999,0,4
7,4.09949329474109,-0.0072342446819784,0,5
7,5.12439084075687,0.203840999627062,0,6
7,5.99637431741289,-0.0203342579866319,0,7
7,6.9588744121861,-0.1271757183926,0,8
7,8.12841489642462,-0.0401556949169461,0,9
7,-0.11178076585829,0.961023774435007,0,10
7,0.916493029533319,0.951128806470713,0,11
7,2.15008116976672,0.945894642833294,0,12
7,3.08991508604984,0.900015358871858,0,13
7,3.9543587922184,1.01825101667819,0,14
7,4.97939842495934,1.04826074670492,0,15
7,5.94121563937944,1.09767061541458,0,16
7,6.93145470544224,0.933173544850031,0,17
7,8.10048241824918,0.981212309115449,0,18
7,-0.0772649092974752,2.16023772710093,0,19
7,0.800626629891863,2.08168614553817,0,20
7,1.90907455154233,1.89140217017785,0,21
7,2.94368439193998,1.95775616765395,1,22
7,3.87821443829153,1.81236639944271,0,23
7,4.81796821471246,2.04952753594928,1,24
7,5.96003706539134,1.97197601983285,0,25
7,7.2118368348201,2.17208843087476,0,26
7,8.14151575459115,1.97024309200855,0,27
7,0.0564765115773689,3.11664894548153,0,28
7,0.891870283580047,2.97509059307594,0,29
7,1.90580239064929,3.10907235174065,1,30
7,2.97558165567682,2.97740192300732,0,31
7,4.10854885538228,2.96515943418876,0,32
7,5.05583438271431,3.0167391098603,0,33
7,5.7823771649442,2.87999987533141,1,34
7,7.08773012313144,2.9749191221781,0,35
7,8.08425353357682,3.01638443945466,0,36
7,-0.0051583988130421,3.98900482347124,0,37
7,0.93098785971545,4.04663823285305,1,38
7,1.8161017154716,3.93946122713174,0,39
7,3.02830379170309,3.81266934989588,0,40
7,3.77474099173456,4.0337980180423,0,41
7,5.07343501869402,4.10589476891138,0,42
7,6.01458057406498,4.12738963015216,0,43
7,6.93505714190759,4.05974829164921,1,44
7,7.94387756398604,4.28015042015033,0,45
7,0.0334792049149032,5.04725719318939,0,46
7,1.00320184270124,4.86463334204413,0,47
7,2.12369171894445,4.99543076986544,0,48
7,3.00564134238165,4.91672539118466,0,49
7,3.98545672916004,5.02862271001077,0,50
7,4.9407650374063,5.14010676112684,0,51
7,5.87392870195448,4.79028631184257,0,52
7,6.93163942157255,5.01765407584449,0,53
7,7.98365628045324,5.05989288977873,0,54
7,-0.0438473508263569,5.92799673218591,0,55
7,0.942129698501335,6.01030413987456,0,56
7,2.15810904318315,5.95417992317579,1,57
7,3.15406613104409,5.97712643103269,0,58
7,4.07029810044384,6.02603007537039,0,59
7,4.99362513822005,5.85902826382975,0,60
7,5.92593760156231,5.94041136659619,1,61
7,6.89660528338379,5.96021900486665,0,62
7,7.97039363374821,5.91068297428164,0,63
7,-0.144294972488158,7.12283983217403,0,64
7,0.997280834658984,6.83692485717301,0,65
7,2.15613929786412,6.99955652404406,0,66
7,2.90089218419258,7.0465024373852,0,67
7,4.00041939858649,7.01077123700147,0,68
7,4.99551951582095,6.95326740472518,1,69
7,5.93113463308155,7.26138886349805,0,70
7,6.98697453513668,7.00343271509326,0,71
7,8.01550927876532,7.13560290011069,0,72
7,0.127734155198074,7.89652124909585,0,73
7,1.10535482122839,8.00990213264451,0,74
7,1.96282834537235,7.85725809820042,0,75
7,2.98968674991033,7.85456695373239,0,76
7,4.24980736060963,7.86319696849752,0,77
7,4.92227391339879,7.9360302550214,0,78
7,6.07573845773742,7.82883406946017,0,79
7,7.00225450352783,8.05445708867726,0,80
7,7.83499684720753,8.0268721764126,0,81
8,-0.0889116216029125,-0.210537254600674,0,1
8,0.939163027804017,0.0090337339907333,0,2
8,1.9786937095736,-0.0406523829848388,0,3
8,3.14712112557731,-0.0443994239074174,0,4
8,4.04663884742775,0.0775235614998785,0,5
8,5.18183583613942,0.04707228783573,0,6
8,6.1923396212312,-0.0400274900357555,0,7
8,6.94609964356895,0.0385562188852446,0,8
8,7.96137211989104,0.0856391346337823,0,9
8,-0.0861807665880356,1.0355515867973,0,10
8,0.959799341659641,1.00903884592169,0,11
8,2.05989628196134,1.1554885778257,0,12
8,3.00818372816078,0.887186501976459,0,13
8,4.03310257556659,0.932474275838159,0,14
8,4.95387530640864,1.00633229988878,0,15
8,6.0359039240309,0.939587655512366,0,16
8,6.94842088206508,1.05463975937651,0,17
8,8.05872762234662,1.02704150325353,0,18
8,0.161961102616204,1.90239806408508,0,19
8,1.04452312291918,1.98522346953535,0,20
8,2.12552612015603,1.87801888062399,1,21
8,2.942509335078,1.99331158197626,0,22
8,4.03160894878077,2.0514335591374,0,23
8,4.78121294351226,2.01246447432859,0,24
8,6.23721013197035,1.88767592773965,0,25
8,7.09765798698008,2.00181794755893,0,26
8,8.06144518114728,2.01820159170467,0,27
8,-0.0315262654079921,2.9839071120252,0,28
8,1.02310379494877,3.09013928577509,0,29
8,2.2075480090806,2.99089997894885,0,30
8,3.06526848984961,2.93781237940024,0,31
8,3.99626037018845,2.99665396918077,0,32
8,4.92936084926278,2.90201008682192,0,33
8,5.8772168295053,3.00919985492851,0,34
8,7.0134158450598,3.08296834889377,1,35
8,7.96267665108348,2.93138038602234,0,36
8,0.0039060375239746,4.13592009360842,0,37
8,1.01431243228378,4.05122567049186,0,38
8,2.01049472513634,3.82843326627673,0,39
8,3.06021957415535,3.78425530597276,0,40
8,3.98816045064102,4.0648208987497,0,41
8,5.05591695429867,3.81299041913053,0,42
8,6.00418613784155,4.02927917952157,0,43
8,7.00636211160805,4.0191937593584,0,44
8,8.14662036944248,4.06177098690327,0,45
8,-0.0472630868444327,5.06207109345696,0,46
8,1.01634745384017,5.20441964293023,0,47
8,2.03063501633901,4.90670874098092,0,48
8,3.07925762183437,4.95374293966031,0,49
8,3.90509232462896,5.02004210364977,0,50
8,5.09047869823245,4.86477959571185,0,51
8,5.96598895922965,4.91863850811122,0,52
8,7.15310074986935,4.94497616861657,0,53
8,8.03894033888393,5.06312730871041,0,54
8,0.0495981980285117,6.06447850641782,0,55
8,1.06448586764422,5.76144123231092,0,56
8,1.99562352274599,6.0408667279155,0,57
8,2.86431312714164,6.01185903120341,0,58
8,4.05914393941965,6.06694021464508,0,59
8,4.80117027633863,5.87242020812692,0,60
8,6.09186111339925,5.96752879612966,0,61
8,6.92712174892019,6.21434516693473,0,62
8,7.97793923082739,6.00748484030674,0,63
8,0.0304353967526059,6.99999282156967,0,64
8,1.09926521444715,7.15485502516878,0,65
8,1.99267321631711,6.99316575079238,0,66
8,2.99882559824777,7.03015454814934,0,67
8,4.10048726356127,7.12693085469789,0,68
8,5.0253343429456,6.86217036149739,1,69
8,5.90013964583233,6.94394224281584,0,70
8,6.91985930415186,7.1284199503192,0,71
8,8.11808544350709,7.08561265500211,0,72
8,0.082291471762992,7.9812055742229,0,73
8,1.09488900810835,8.28017035569484,0,74
8,1.87478034562112,8.03899500666531,0,75
8,2.84130252490101,8.03749675355757,0,76
8,3.99784231013446,8.06431217011944,0,77
8,4.88325980760836,7.8089251398719,0,78
8,5.94516225671015,8.06225168660898,0,79
8,6.89588791274853,7.98967333116593,0,80
8,8.0014790039409,8.13033562483991,0,81
